weather_data,day_of_week,holiday_data,traffic_incidents,intraffic_speed,average_speed,distance_value,time_of_day,hour
1,5,0,0,26.317241379310346,18.614634146341466,424,3,21
1,5,0,0,26.317241379310346,18.614634146341466,424,3,21
1,5,0,1,37.624060150375946,26.617021276595743,1390,3,21
1,5,0,1,34.66516853932584,26.257021276595747,1714,3,21
1,5,0,1,34.28,26.257021276595747,1714,3,21
1,5,0,1,37.343283582089555,26.617021276595743,1390,3,21
1,5,0,0,43.728,38.5835294117647,1822,3,22
1,5,0,0,44.31891891891892,38.5835294117647,1822,3,22
1,5,0,0,37.08698060941828,31.50211764705882,3719,3,22
1,5,0,0,36.803149606299215,30.682713347921226,3895,3,22
1,5,0,0,29.897459584295614,26.527868852459015,3596,3,22
1,5,0,0,36.491860465116275,30.321739130434782,3487,3,22
1,5,0,0,32.4,28.12909090909091,3438,3,22
1,5,0,0,33.76817102137767,29.013061224489796,3949,3,22
1,5,0,0,34.93565217391305,29.43296703296703,4464,3,22
1,5,0,0,29.9587982832618,26.046268656716418,3878,3,22
1,5,0,0,32.243877551020404,27.065524625267667,3511,3,22
1,5,0,0,36.88540540540541,30.876923076923077,3791,3,22
1,5,0,0,36.422891566265065,29.638235294117646,3359,3,22
1,5,0,0,32.4,28.12909090909091,3438,3,22
1,5,0,0,33.876699029126215,29.507822410147995,3877,3,22
1,5,0,0,35.49421487603306,30.10373831775701,3579,3,22
1,5,0,0,30.083972911963883,26.76144578313253,3702,3,22
1,5,0,0,36.53293051359517,29.565770171149143,3359,3,22
1,5,0,0,30.143891402714935,26.75421686746988,3701,3,22
1,5,0,0,32.65646437994723,28.06530612244898,3438,3,22
1,5,0,0,30.8760736196319,27.40181488203267,4194,3,22
1,5,0,0,30.15975232198143,25.94300932090546,5412,3,22
1,5,0,0,34.212887828162295,30.17936842105263,3982,3,22
1,5,0,0,27.948603351955306,25.30927487352445,4169,3,22
1,5,0,0,36.31351351351351,29.638235294117646,3359,3,22
1,5,0,0,37.17066014669927,31.738622129436326,4223,3,22
1,5,0,0,36.78131868131868,31.50211764705882,3719,3,22
1,5,0,0,33.61714285714286,29.051851851851854,3922,3,22
1,5,0,0,36.63776223776224,31.372455089820363,4366,3,22
1,5,0,0,33.63389830508475,29.96577181208054,4961,3,22
1,5,0,0,36.745780051150895,30.700000000000003,3991,3,22
1,5,0,0,31.42025316455696,28.422137404580155,4137,3,22
1,5,0,0,32.4,28.91392405063291,3807,3,22
1,5,0,0,27.908256880733948,25.140495867768593,4225,3,22
1,5,0,0,33.87312348668281,29.513924050632912,3886,3,22
1,5,0,0,31.92935779816514,28.01046277665996,3867,3,22
1,5,0,0,33.15789473684211,29.552238805970152,3850,3,22
1,5,0,0,33.04729064039409,27.550718685831622,3727,3,22
1,5,0,0,34.74418604651163,28.79229122055675,3735,3,22
1,5,0,0,35.56588235294117,29.565770171149143,3359,3,22
1,5,0,0,31.735384615384618,28.12909090909091,3438,3,22
1,5,0,0,33.06910994764398,28.072000000000003,3509,3,22
1,5,0,0,33.1506072874494,28.882539682539683,4549,3,22
1,5,0,0,33.004799999999996,28.12909090909091,3438,3,22
1,5,0,0,34.0419512195122,29.507822410147995,3877,3,22
1,5,0,0,37.190000000000005,31.50211764705882,3719,3,22
1,5,0,0,33.004799999999996,28.12909090909091,3438,3,22
1,5,0,0,36.97981651376147,29.638235294117646,3359,3,22
1,5,0,0,34.05035629453682,29.679503105590065,3982,3,22
1,5,0,0,31.711648351648353,27.908704061895552,4008,3,22
1,5,0,0,32.56701030927835,27.64989059080963,3510,3,22
1,5,0,0,33.09304812834225,28.06530612244898,3438,3,22
1,5,0,0,30.419178082191785,27.191020408163265,3701,3,22
1,5,0,0,36.791111111111114,30.471165644171776,4139,3,22
1,5,0,0,32.372727272727275,28.551447661469936,3561,3,22
1,5,0,0,32.82077922077922,27.58951965065502,3510,3,22
1,5,0,0,30.43410138248848,25.59767441860465,3669,3,22
1,5,0,0,36.23288409703504,28.78458244111349,3734,3,22
1,5,0,0,24.38043844856661,23.35638126009693,4016,3,22
1,4,0,1,30.887068965517244,30.171789473684214,3981,3,19
1,4,0,1,31.085077951002226,29.507822410147995,3877,3,19
1,4,0,1,29.13658536585366,26.8953095684803,3982,3,19
1,4,0,1,28.702207130730052,28.12911813643927,4696,3,19
1,4,0,1,30.40982800982801,28.12909090909091,3438,3,19
1,4,0,1,29.74023529411765,27.00769230769231,3511,3,19
1,4,0,1,30.82838709677419,30.17936842105263,3982,3,19
1,4,0,1,32.97635467980296,31.50211764705882,3719,3,19
1,4,0,1,32.8953316953317,31.50211764705882,3719,3,19
1,4,0,1,28.057263157894738,26.76144578313253,3702,3,19
1,4,0,1,27.693749999999998,25.52256,4431,3,19
1,4,0,1,28.714655172413792,27.191020408163265,3701,3,19
1,4,0,1,33.211671087533155,29.391549295774652,3478,3,19
1,4,0,1,31.619088937093277,28.581176470588236,4049,3,19
1,4,0,1,22.13351134846462,20.931818181818183,4605,3,19
1,4,0,1,29.489361702127663,29.552238805970152,3850,3,19
1,4,0,1,27.20961182994455,26.192882562277582,4089,3,19
1,4,0,1,28.96107382550336,26.527868852459015,3596,3,19
1,4,0,1,30.36153846153846,29.297319587628866,3947,3,19
1,4,0,1,32.279381443298966,28.85806451612903,3479,3,19
1,4,0,1,29.74023529411765,27.065524625267667,3511,3,19
1,4,0,1,29.864900662251653,30.333632286995517,3758,3,19
2,0,0,0,25.993220338983054,25.140983606557377,426,2,12
2,0,0,0,19.29176470588235,18.740571428571428,911,2,12
2,0,0,0,28.400000000000002,25.140983606557377,426,2,12
2,0,0,0,14.155339805825243,13.376146788990827,405,2,12
2,0,0,0,14.155339805825243,13.376146788990827,405,2,12
2,0,0,0,14.155339805825243,13.376146788990827,405,2,12
2,0,0,0,28.400000000000002,25.140983606557377,426,2,13
2,0,0,0,14.155339805825243,13.376146788990827,405,2,13
2,0,0,0,19.29176470588235,18.740571428571428,911,2,13
2,0,0,0,14.155339805825243,13.376146788990827,405,2,13
2,0,0,0,14.155339805825243,13.376146788990827,405,2,13
1,0,0,1,23.04679245283019,25.93375796178344,3393,2,16
1,0,0,1,29.663013698630138,30.075,2406,2,16
1,0,0,1,29.5617747440273,30.075,2406,2,16
1,0,0,0,34.73766233766234,33.435,743,2,16
1,0,0,0,35.194736842105264,33.435,743,2,16
1,0,0,0,22.83314917127072,22.70769230769231,1148,2,16
1,0,0,0,22.83314917127072,22.70769230769231,1148,2,16
1,0,0,0,34.292307692307695,33.435,743,2,16
1,0,0,0,34.292307692307695,33.435,743,2,16
1,0,0,0,34.292307692307695,33.435,743,2,16
1,0,0,0,33.858227848101265,33.435,743,2,16
1,0,0,0,33.858227848101265,33.435,743,2,16
1,0,0,0,33.858227848101265,33.435,743,2,16
1,0,0,0,33.858227848101265,33.435,743,2,16
1,0,0,0,34.292307692307695,33.435,743,2,16
1,0,0,0,34.292307692307695,33.435,743,2,16
1,0,0,0,34.292307692307695,33.435,743,2,16
1,0,0,0,34.292307692307695,33.435,743,2,16
1,0,0,0,34.73766233766234,33.435,743,2,16
1,0,0,0,34.73766233766234,33.435,743,2,16
1,0,0,0,34.73766233766234,33.435,743,2,16
1,0,0,0,34.292307692307695,33.435,743,2,16
1,0,0,0,24.34285714285714,23.236363636363635,426,2,16
1,0,0,0,34.292307692307695,33.435,743,2,16
1,0,0,0,24.34285714285714,23.236363636363635,426,2,16
1,0,0,0,22.70769230769231,22.70769230769231,1148,2,16
1,0,0,0,22.70769230769231,22.70769230769231,1148,2,16
1,0,0,0,37.15,33.435,743,2,16
1,0,0,0,37.15,33.435,743,2,16
1,0,0,0,37.15,33.435,743,2,16
2,0,0,0,24.34285714285714,23.236363636363635,426,3,21
2,0,0,0,36.64109589041096,33.435,743,3,21
2,0,0,0,22.51139240506329,21.95555555555556,494,3,21
2,0,0,0,36.64109589041096,33.435,743,3,21
0,1,0,0,19.529096989966558,22.54517374517375,1622,2,15
0,1,0,0,20.447331786542925,23.19157894736842,2448,2,15
0,1,0,0,21.80991253644315,24.36742671009772,2078,2,15
0,1,0,0,19.234782608695653,21.816986301369866,2212,2,15
0,1,0,0,19.59344262295082,22.722433460076047,1660,2,15
0,1,0,0,23.47692307692308,26.798048780487807,1526,2,15
0,1,0,0,19.787323943661974,21.448854961832062,1561,2,15
0,1,0,0,20.082262210796916,21.520661157024794,2170,2,15
0,1,0,0,21.935860058309036,24.038338658146966,2090,2,16
0,1,0,1,16.553911205073998,19.00485436893204,2175,2,16
0,1,0,0,21.35940594059406,23.64164383561644,2397,2,16
0,1,0,1,19.05953177257525,22.2609375,1583,2,16
0,1,0,0,23.917241379310347,26.56340425531915,1734,2,16
0,1,0,1,26.88157894736842,25.22222222222222,1135,2,16
0,1,0,1,26.88157894736842,25.22222222222222,1135,2,16
0,1,0,1,26.88157894736842,25.22222222222222,1135,2,16
0,1,0,1,23.482758620689655,25.22222222222222,1135,2,17
0,1,0,1,23.482758620689655,25.22222222222222,1135,2,17
0,1,0,1,23.34857142857143,25.22222222222222,1135,2,17
0,1,0,0,23.617449664429532,25.686131386861312,1955,2,17
0,1,0,1,24.914634146341463,25.22222222222222,1135,2,17
0,1,0,1,21.811764705882354,29.150943396226417,2575,2,17
0,1,0,1,24.914634146341463,25.22222222222222,1135,2,17
0,1,0,1,29.127272727272732,26.529936305732488,1157,2,17
0,1,0,1,24.914634146341463,25.22222222222222,1135,2,17
0,1,0,1,24.914634146341463,25.22222222222222,1135,2,17
0,1,0,1,24.763636363636365,25.22222222222222,1135,2,17
0,1,0,1,29.127272727272732,26.529936305732488,1157,2,17
0,1,0,0,25.860355029585797,27.315,2428,2,17
0,1,0,1,24.6144578313253,25.22222222222222,1135,2,17
0,1,0,1,25.47443946188341,25.360714285714284,1578,2,17
0,1,0,1,24.654807692307692,28.972881355932206,2849,2,17
0,1,0,0,34.292307692307695,32.61951219512195,743,2,17
0,1,0,0,34.292307692307695,32.61951219512195,743,2,17
0,1,0,0,24.735483870967744,23.593846153846155,426,2,17
0,1,0,0,22.83314917127072,22.70769230769231,1148,2,17
0,1,0,0,24.735483870967744,23.593846153846155,426,2,17
0,1,0,0,22.83314917127072,22.70769230769231,1148,2,17
0,1,0,0,34.73766233766234,32.61951219512195,743,2,17
0,1,0,0,34.73766233766234,32.61951219512195,743,2,17
0,1,0,0,34.73766233766234,32.61951219512195,743,2,17
0,1,0,0,34.73766233766234,32.61951219512195,743,2,17
0,1,0,0,34.73766233766234,32.61951219512195,743,2,17
0,1,0,0,34.73766233766234,32.61951219512195,743,2,17
0,1,0,0,34.73766233766234,32.61951219512195,743,2,17
0,1,0,0,34.73766233766234,32.61951219512195,743,2,17
0,1,0,0,24.735483870967744,23.593846153846155,426,2,17
0,1,0,0,24.735483870967744,23.593846153846155,426,2,17
0,1,0,0,35.194736842105264,32.61951219512195,743,2,17
0,1,0,0,35.194736842105264,32.61951219512195,743,2,17
0,1,0,0,35.194736842105264,32.61951219512195,743,2,17
0,1,0,0,35.194736842105264,32.61951219512195,743,2,17
1,1,0,0,35.194736842105264,32.61951219512195,743,2,17
1,1,0,0,22.58360655737705,22.70769230769231,1148,2,17
1,1,0,0,35.194736842105264,32.61951219512195,743,2,17
1,1,0,0,35.194736842105264,32.61951219512195,743,2,17
3,1,0,0,22.96,22.70769230769231,1148,3,18
3,1,0,0,22.8,22.23,494,3,18
3,1,0,0,35.664,32.61951219512195,743,3,18
3,1,0,0,24.735483870967744,23.593846153846155,426,3,18
3,1,0,0,22.979032258064517,22.2609375,1583,3,19
3,1,0,0,23.11720698254364,22.01900237529691,2575,3,19
3,1,0,0,24.694214876033058,22.722433460076047,1660,3,19
3,1,0,0,24.694214876033058,22.722433460076047,1660,3,19
1,1,0,0,24.735483870967744,23.593846153846155,426,3,19
1,1,0,0,36.14594594594595,32.61951219512195,743,3,19
1,1,0,0,36.14594594594595,32.61951219512195,743,3,19
1,1,0,0,36.14594594594595,32.61951219512195,743,3,19
1,1,0,0,36.14594594594595,32.61951219512195,743,3,19
1,1,0,0,22.96,22.70769230769231,1148,3,19
1,1,0,0,36.14594594594595,32.61951219512195,743,3,19
1,1,0,0,36.14594594594595,32.61951219512195,743,3,19
1,1,0,0,20.386516853932584,19.30212765957447,504,3,21
1,1,0,0,33.022222222222226,32.61951219512195,743,3,21
1,1,0,0,22.96,22.70769230769231,1148,3,21
1,1,0,0,33.022222222222226,32.61951219512195,743,3,21
1,1,0,0,26.034602076124568,24.038338658146966,2090,3,21
1,1,0,0,23.073198847262248,21.52258064516129,2224,3,21
1,1,0,0,26.26175115207373,22.2609375,1583,3,21
1,1,0,0,16.906666666666666,17.096629213483148,2536,3,21
1,1,0,0,32.117333333333335,27.65204081632653,6022,3,21
1,1,0,0,26.17125,24.368962172647915,6979,3,21
1,1,0,0,27.04034151547492,25.80122199592668,7038,3,21
1,1,0,1,27.242883548983365,23.867854251012144,8188,3,21
1,1,0,1,25.175815738963532,23.215221238938053,7287,3,21
1,1,0,1,25.652532833020636,23.312531969309465,7596,3,21
1,1,0,0,28.423828125,26.36413043478261,8085,3,21
1,1,0,1,28.25844155844156,24.986411483253587,7253,3,21
1,1,0,1,28.167634854771784,24.9879754601227,5657,3,21
1,1,0,1,26.224553571428572,22.746563407550823,6527,3,21
1,1,0,1,27.422543950361945,24.23912248628885,7366,3,21
1,1,0,1,30.2836820083682,28.190068159688412,8042,3,21
1,1,0,0,27.253691275167785,24.786164801627674,6768,3,21
1,1,0,1,25.405611222444893,22.299736147757255,7043,3,21
1,1,0,1,25.92,23.312531969309465,7596,3,21
1,1,0,1,28.16317689530686,24.950533049040512,6501,3,21
1,1,0,1,30.034915773353752,26.325906040268457,5448,3,21
1,1,0,0,28.166168009205986,25.181481481481484,6799,3,21
1,1,0,1,27.135146898803047,24.328975609756096,6927,3,21
1,1,0,1,25.382698961937717,22.80497409326425,6113,3,21
1,1,0,1,30.856410256410253,25.725890736342045,6017,3,21
1,1,0,1,27.45985401459854,23.911016949152543,6270,3,21
1,1,0,1,30.31626733921816,25.57531914893617,6678,3,21
1,1,0,0,25.698214285714286,24.37087214225233,7995,3,21
1,1,0,1,26.281884816753927,23.413432835820895,6972,3,21
1,1,0,1,27.016949152542374,25.87195671776375,7970,3,21
1,1,0,1,32.553755522827686,27.322620519159457,6140,3,21
1,1,0,1,29.525339925834363,25.991294885745376,6635,3,21
1,1,0,0,35.28708487084871,30.4547770700637,7969,3,21
1,1,0,1,25.203842049092852,23.0625,6560,3,21
1,1,0,0,29.10089552238806,26.515321849501362,8124,3,21
1,1,0,0,25.8371335504886,23.490621915103656,6610,3,21
1,1,0,0,29.48406909788868,26.416509028374893,8534,3,21
1,1,0,1,29.511348464619495,25.436133486766398,6140,3,21
1,1,0,1,25.940150699677073,23.53359375,6694,3,21
1,1,0,0,25.734265734265737,23.741935483870968,9200,3,21
1,1,0,0,35.26353240152478,30.067605633802817,7709,3,21
1,1,0,0,31.198732840549102,28.408846153846156,8207,3,21
1,1,0,1,25.026689189189188,23.041679626749612,8231,3,21
1,1,0,0,29.260313630880578,25.887726787620064,6738,3,21
1,1,0,1,32.041040462427745,27.57761194029851,6159,3,21
1,1,0,0,25.158534031413613,23.25885769603098,6674,3,21
1,1,0,1,24.256826568265684,22.531619537275066,7304,3,21
1,1,0,0,24.49655172413793,23.39835315645014,7104,3,21
1,1,0,0,30.39752781211372,26.16127659574468,6831,3,21
1,1,0,0,30.785732484076433,26.76279069767442,6713,3,21
1,1,0,0,24.857821782178217,22.907299270072993,6974,3,21
1,1,0,0,30.150912778904665,27.757983193277312,8258,3,21
1,1,0,1,27.251908396946565,24.45205479452055,8925,3,21
1,1,0,1,28.136532170119956,26.30091743119266,7167,3,21
1,1,0,0,23.638805970149253,22.625714285714285,7919,3,21
1,1,0,1,31.08054298642534,26.45237483953787,5724,3,21
1,1,0,0,31.271871657754016,28.526048780487805,8122,3,21
1,1,0,1,26.19911894273128,22.699236641221372,6608,3,21
1,1,0,1,24.375,22.095323741007192,6825,3,21
1,1,0,0,32.42821948488242,28.9584,8044,3,21
1,1,0,1,25.899551569506727,23.75161069225497,9626,3,21
1,1,0,0,25.670516717325228,23.330386740331495,7038,3,21
1,2,0,0,22.68074534161491,22.311201629327904,3043,0,8
1,2,0,0,23.67341772151899,24.36742671009772,2078,0,8
1,2,0,0,21.011081794195253,21.816986301369866,2212,0,8
1,2,0,0,17.75942720763723,18.838481012658228,2067,0,8
1,2,0,0,20.706382978723404,22.54517374517375,1622,0,8
1,2,0,0,21.011081794195253,21.816986301369866,2212,0,8
1,2,0,0,21.011081794195253,21.816986301369866,2212,0,8
1,2,0,0,21.011081794195253,21.816986301369866,2212,0,8
1,2,0,0,20.706382978723404,22.54517374517375,1622,0,8
1,2,0,0,21.17872340425532,21.816986301369866,2212,0,8
1,2,0,0,20.579104477611942,21.40993788819876,1915,0,8
1,2,0,0,22.882758620689657,21.816986301369866,2212,0,8
1,2,0,0,24.44705882352941,24.36742671009772,2078,0,8
0,2,0,0,25.360509554140126,21.816986301369866,2212,3,23
0,2,0,0,26.541818181818183,22.54517374517375,1622,3,23
0,2,0,0,24.888086642599276,21.40993788819876,1915,3,23
0,2,0,0,29.568379446640314,24.36742671009772,2078,3,23
0,2,0,0,27.285981308411216,22.54517374517375,1622,3,23
4,3,0,1,22.557735849056602,24.650721649484534,3321,0,8
4,3,0,1,19.897627118644067,23.33916500994036,3261,0,8
4,3,0,1,22.09769585253456,23.053846153846155,2664,0,8
4,3,0,1,24.227027027027027,22.270807453416147,4980,0,8
4,3,0,1,23.983877159309024,22.555234657039712,3471,0,8
4,3,0,1,24.79740680713128,26.379310344827587,4250,0,8
4,3,0,1,20.97791411042945,19.46527514231499,5699,0,8
4,3,0,1,19.728,24.27165354330709,3425,0,8
4,3,0,1,22.971428571428575,24.668181818181818,3618,0,8
4,3,0,1,25.311627906976746,26.2475884244373,4535,0,8
4,3,0,1,20.20995475113122,24.406557377049182,3722,0,8
4,3,0,1,22.624203821656053,22.200000000000003,2960,0,8
4,3,0,1,20.310726643598617,23.33916500994036,3261,0,8
4,3,0,1,19.373195876288662,25.33752808988764,3132,0,8
4,3,0,1,22.08135593220339,22.419120458891012,3257,0,8
4,3,0,1,24.741818181818182,26.25337620578778,4536,0,8
4,3,0,1,22.45655172413793,24.668181818181818,3618,0,8
4,3,0,1,19.887096774193548,24.27165354330709,3425,0,8
4,3,0,1,22.71,25.83127962085308,3028,0,8
4,3,0,1,22.41790017211704,24.668181818181818,3618,0,8
4,3,0,1,20.49415692821369,20.35820895522388,3410,0,8
4,3,0,1,22.36595744680851,24.661583577712612,4672,0,8
4,3,0,1,21.944465290806754,21.382815356489946,3249,0,8
4,3,0,1,22.576271186440678,22.200000000000003,2960,0,8
4,3,0,1,22.576271186440678,22.200000000000003,2960,0,8
4,3,0,1,19.60254372019078,24.367588932806324,3425,0,8
4,3,0,0,25.246875,25.051162790697674,2693,0,8
4,3,0,1,22.464804469273744,23.794082840236687,2234,1,10
4,3,0,1,21.448628884826327,22.47586206896552,3259,1,10
4,3,0,1,21.482790697674417,22.27717041800643,3849,1,10
4,3,0,1,20.483870967741936,21.404494382022474,3175,1,10
4,3,0,1,24.395294117647058,25.069430051813473,4032,1,10
4,3,0,1,23.05398058252427,23.7456,3298,1,10
4,3,0,1,21.45483870967742,22.244147157190636,3695,1,10
4,3,0,1,21.634204275534444,22.65671641791045,2530,1,10
4,3,0,1,22.402228412256267,23.794082840236687,2234,1,10
4,3,0,1,21.046153846153846,21.909375,3116,1,10
4,3,0,1,20.79463087248322,21.768618266978923,2582,1,10
4,3,0,1,20.79463087248322,21.768618266978923,2582,1,10
4,3,0,1,20.483870967741936,21.404494382022474,3175,1,10
4,3,0,1,22.464804469273744,23.794082840236687,2234,1,10
4,3,0,1,21.699786780383796,22.870112359550564,2827,1,10
4,3,0,0,20.175745526838966,21.638379530916843,2819,1,10
4,3,0,0,21.404494382022474,21.404494382022474,3175,1,10
4,3,0,0,24.05366726296959,25.08582089552239,3735,1,10
4,3,0,0,20.93793103448276,22.65671641791045,2530,1,10
4,3,0,0,22.666369710467706,22.870112359550564,2827,1,10
4,3,0,0,22.466225165562914,22.870112359550564,2827,1,10
4,3,0,0,22.912820512820513,23.794082840236687,2234,1,10
4,3,0,0,21.697485493230175,21.909375,3116,1,10
4,3,0,0,22.912820512820513,23.794082840236687,2234,1,10
4,3,0,0,25.11280276816609,25.069430051813473,4032,1,10
4,3,0,0,23.24892086330935,25.051162790697674,2693,1,10
4,3,0,0,20.93793103448276,22.65671641791045,2530,1,10
4,3,0,0,20.93793103448276,22.65671641791045,2530,1,10
4,3,0,0,22.912820512820513,23.794082840236687,2234,1,10
4,3,0,0,20.986175115207374,22.65671641791045,2530,1,10
4,3,0,0,20.986175115207374,22.65671641791045,2530,1,10
4,3,0,0,21.625714285714285,22.426666666666666,2523,1,10
4,3,0,0,22.654647887323943,23.794082840236687,2234,1,10
4,3,0,0,21.635573122529646,22.999159663865548,3041,1,10
4,3,0,0,19.2888,20.346835443037975,2679,1,10
4,3,0,0,25.97735849056604,26.197040169133192,3442,1,10
4,3,0,0,21.166666666666668,21.404494382022474,3175,1,10
4,3,0,0,22.466225165562914,22.870112359550564,2827,1,10
4,3,0,0,23.082857142857144,25.051162790697674,2693,1,10
4,3,0,0,21.697485493230175,21.909375,3116,1,10
4,3,0,0,20.986175115207374,22.65671641791045,2530,1,10
4,3,0,0,22.36747252747253,22.870112359550564,2827,1,10
4,3,0,0,25.328219178082193,24.718716577540107,5136,1,10
4,3,0,0,25.97735849056604,26.197040169133192,3442,1,10
4,3,0,0,25.84309392265193,26.93435700575816,3898,1,10
4,3,0,0,22.416740088105726,22.870112359550564,2827,1,10
4,3,0,0,25.923012552301255,26.197040169133192,3442,1,10
4,3,0,0,20.93793103448276,22.65671641791045,2530,1,10
4,3,0,0,22.36747252747253,22.870112359550564,2827,1,10
4,3,0,0,22.71864406779661,23.794082840236687,2234,1,10
6,3,0,1,25.096875,25.56286472148541,2677,2,16
6,3,0,1,22.196891191709845,25.652694610778447,2380,2,16
6,3,0,1,19.928912466843503,27.7239852398524,2087,2,16
6,3,0,1,24.3979746835443,25.56286472148541,2677,2,16
6,3,0,1,22.013114754098364,25.28813559322034,3730,2,16
6,3,0,1,19.823746701846968,27.7239852398524,2087,2,16
6,3,0,1,22.196891191709845,25.652694610778447,2380,2,16
6,3,0,1,24.33636363636364,25.56286472148541,2677,2,16
6,3,0,1,22.13953488372093,25.652694610778447,2380,2,16
6,3,0,1,24.33636363636364,25.56286472148541,2677,2,16
6,3,0,1,24.214070351758796,25.56286472148541,2677,2,16
6,3,0,1,24.275062972292194,25.56286472148541,2677,2,16
6,3,0,1,21.466285714285714,27.7239852398524,2087,2,16
6,3,0,1,22.48643216080402,25.376937618147448,3729,2,16
6,3,0,1,22.568067226890758,25.28813559322034,3730,2,16
6,3,0,1,24.3979746835443,25.56286472148541,2677,2,16
6,3,0,1,21.34431818181818,27.7239852398524,2087,2,16
6,3,0,1,22.76542372881356,25.29491525423729,3731,2,16
6,3,0,1,25.861016949152543,28.698432601880878,2543,2,16
6,3,0,1,24.3979746835443,25.56286472148541,2677,2,16
6,3,0,1,24.33636363636364,25.56286472148541,2677,2,16
6,3,0,1,24.214070351758796,25.56286472148541,2677,2,16
6,3,0,1,24.3979746835443,25.56286472148541,2677,2,16
6,3,0,1,21.283852691218133,27.7239852398524,2087,2,16
6,3,0,1,24.15338345864662,25.56286472148541,2677,2,16
6,3,0,1,21.283852691218133,27.7239852398524,2087,2,16
6,3,0,1,21.96842105263158,27.7239852398524,2087,2,16
6,3,0,1,22.547368421052635,25.652694610778447,2380,2,16
6,3,0,1,25.03168831168831,25.56286472148541,2677,2,16
6,3,0,1,27.085207100591717,28.698432601880878,2543,2,16
6,3,0,1,26.890293453724606,27.703255813953486,3309,2,16
6,3,0,1,21.96842105263158,27.7239852398524,2087,2,16
6,3,0,1,21.840697674418603,27.7239852398524,2087,2,16
6,3,0,1,21.840697674418603,27.7239852398524,2087,2,16
6,3,0,1,21.96842105263158,27.7239852398524,2087,2,16
6,3,0,1,21.840697674418603,27.7239852398524,2087,2,16
6,3,0,1,22.547368421052635,25.652694610778447,2380,2,16
6,3,0,1,25.03168831168831,25.56286472148541,2677,2,16
6,3,0,1,25.03168831168831,25.56286472148541,2677,2,16
6,3,0,1,22.666666666666668,25.652694610778447,2380,2,16
6,3,0,1,22.547368421052635,25.652694610778447,2380,2,16
6,3,0,1,21.840697674418603,27.7239852398524,2087,2,16
6,3,0,1,25.03168831168831,25.56286472148541,2677,2,16
6,3,0,1,22.547368421052635,25.652694610778447,2380,2,16
6,3,0,1,22.547368421052635,25.652694610778447,2380,2,16
6,3,0,1,22.547368421052635,25.652694610778447,2380,2,16
6,3,0,1,25.788169014084506,28.698432601880878,2543,2,17
6,3,0,1,21.223728813559323,27.7239852398524,2087,2,17
6,3,0,1,18.720000000000002,21.724444444444444,2444,2,17
6,3,0,1,24.15338345864662,25.56286472148541,2677,2,17
6,3,0,1,22.606860158311346,25.652694610778447,2380,2,17
6,3,0,1,21.283852691218133,27.7239852398524,2087,2,17
6,3,0,1,22.12191103789127,25.28813559322034,3730,2,17
6,3,0,1,22.20099173553719,25.34264150943396,3731,2,17
6,3,0,1,19.32656875834446,22.167840735068914,4021,2,17
6,3,0,1,24.15338345864662,25.56286472148541,2677,2,17
6,3,0,1,25.788169014084506,28.698432601880878,2543,2,17
6,3,0,1,24.15338345864662,25.56286472148541,2677,2,17
6,3,0,1,24.15338345864662,25.56286472148541,2677,2,17
6,3,0,1,22.606860158311346,25.652694610778447,2380,2,17
6,3,0,1,22.606860158311346,25.652694610778447,2380,2,17
6,3,0,1,21.16394366197183,27.7239852398524,2087,2,17
6,3,0,1,24.15338345864662,25.56286472148541,2677,2,17
6,3,0,1,21.34431818181818,27.7239852398524,2087,2,17
6,3,0,1,22.488188976377952,25.652694610778447,2380,2,17
6,3,0,1,22.488188976377952,25.652694610778447,2380,2,17
6,3,0,1,17.101688555347092,22.396068796068796,2532,2,17
6,3,0,1,19.413953488372094,27.7239852398524,2087,2,17
6,3,0,1,26.84692082111437,28.698432601880878,2543,2,17
6,3,0,1,25.096875,25.56286472148541,2677,2,17
6,3,0,1,19.464248704663213,27.7239852398524,2087,2,17
6,3,0,1,25.2282722513089,25.56286472148541,2677,2,17
6,3,0,1,25.2282722513089,25.56286472148541,2677,2,17
6,3,0,1,25.2282722513089,25.56286472148541,2677,2,17
6,3,0,1,25.2282722513089,25.56286472148541,2677,2,17
6,3,0,1,25.2282722513089,25.56286472148541,2677,2,17
6,3,0,1,20.359866220735785,21.793317422434367,5073,2,17
6,3,0,0,19.943300970873786,19.982101167315175,5706,2,17
6,3,0,1,20.418853974121998,21.533333333333335,6137,2,17
6,3,0,1,19.187068965517245,22.7693094629156,4946,2,17
6,3,0,1,19.814432989690722,23.958448753462605,4805,2,17
6,3,0,1,21.629166666666666,23.715228426395942,5191,2,17
6,3,0,1,23.114285714285717,25.735493372606776,4854,2,17
6,3,0,1,23.57174721189591,25.029473684210526,5284,2,17
6,3,0,1,20.082915717539862,24.321103448275863,4898,2,17
6,3,0,1,23.47365728900256,24.442609853528626,5099,2,17
6,3,0,1,21.908089097303634,23.715228426395942,5191,2,17
6,3,0,1,22.813953488372093,26.784982935153582,4360,2,17
6,3,0,1,23.53685950413223,27.730866601752677,7911,2,17
6,3,0,0,21.676374156219865,21.469340974212034,6244,2,17
6,3,0,1,20.768904593639576,24.321103448275863,4898,2,17
6,3,0,1,25.42082738944365,25.751445086705203,4950,2,17
6,3,0,0,23.744770857814334,23.82877358490566,5613,2,17
6,3,0,1,20.152044198895027,21.08393063583815,5066,2,17
6,3,0,1,22.438302502720347,23.866666666666667,5728,2,17
6,3,0,1,21.988140161725067,23.645217391304346,4532,2,17
6,3,0,1,24.30375521557719,25.735493372606776,4854,2,17
6,3,0,1,18.022966507177035,21.221408450704228,6278,2,17
6,3,0,1,27.053354134165367,27.35205047318612,4817,2,17
6,3,0,1,23.586206896551726,24.31651376146789,5890,2,17
6,3,0,1,20.3832,21.478609062170708,5662,2,17
6,3,0,1,19.434829443447036,22.22833675564682,6014,2,17
6,3,0,0,20.14725663716814,20.327142857142857,6324,2,17
6,3,0,1,22.557496740547588,26.334246575342465,4806,2,17
6,3,0,1,19.85657142857143,26.17627118644068,7722,2,17
6,3,0,1,21.585951219512197,22.192176529588767,6146,2,17
6,3,0,1,21.382961992136305,23.645217391304346,4532,2,17
6,3,0,1,24.50827489481066,25.735493372606776,4854,2,17
6,3,0,1,23.252934407364787,23.82877358490566,5613,2,17
6,3,0,1,21.186046511627907,25.7425431711146,4555,2,17
6,3,0,1,21.305351521511017,21.902912621359224,5640,2,17
6,3,0,1,24.246774193548386,24.543673469387755,5011,2,17
6,3,0,1,21.84803827751196,23.88200836820084,6342,2,17
6,3,0,1,21.21891891891892,22.647115384615386,5234,2,17
6,3,0,1,22.172817679558012,24.205548854041016,5574,2,17
6,3,0,1,21.073087818696884,24.469736842105263,6199,2,17
6,3,0,1,22.672686230248306,23.49473684210526,5580,2,17
6,3,0,1,22.787543252595157,23.774729241877257,5488,2,17
6,3,0,1,25.103661971830988,25.64546762589928,4951,2,17
6,3,0,1,19.97434554973822,24.338755980861247,4239,2,17
6,3,0,1,22.65960591133005,26.627496382054993,5111,2,17
6,3,0,1,20.99304531085353,21.74934497816594,5534,2,17
6,3,0,1,21.11626095423564,25.81714285714286,6024,2,17
6,3,0,1,17.360676532769556,21.752582781456955,4562,2,17
6,3,0,1,23.03920265780731,23.64136363636364,5779,2,17
6,3,0,1,24.04186046511628,25.248846675712347,5169,2,17
6,3,0,1,27.090000000000003,27.346372239747634,4816,2,17
6,3,0,1,17.61808118081181,20.71366594360087,5305,2,17
6,3,0,1,20.014528944381386,24.321103448275863,4898,2,17
6,3,0,1,21.17281947261663,24.676595744680853,5799,2,17
6,3,0,1,20.317596566523605,22.17330210772834,5260,2,17
6,3,0,1,23.097235023041474,24.330582524271847,5569,2,17
6,3,0,1,21.13274336283186,21.513513513513512,5970,2,17
6,3,0,1,22.53648648648649,23.029228998849252,5559,2,17
6,3,0,1,22.665449804432857,23.716780354706685,4829,2,17
6,3,0,1,23.534065934065936,24.934540750323414,5354,2,17
6,3,0,1,24.064785276073618,24.064785276073618,5448,2,17
6,3,0,1,23.0248496993988,24.06157068062827,6383,2,17
6,3,0,1,18.748117154811716,22.49774058577406,7468,2,17
6,3,0,1,25.493562231759658,25.751445086705203,4950,2,17
6,3,0,1,24.04267425320057,25.040000000000003,4695,2,17
6,3,0,1,24.036313617606602,25.735493372606776,4854,2,17
6,3,0,1,22.349321266968328,23.774729241877257,5488,2,17
6,3,0,1,20.014528944381386,24.321103448275863,4898,2,17
6,3,0,1,20.335251798561153,22.582689747003997,4711,2,17
6,3,0,1,20.014528944381386,24.321103448275863,4898,2,17
6,3,0,1,24.461083743842366,28.64769230769231,4138,2,17
6,3,0,1,19.06382978723404,22.062927496580027,4480,2,17
6,3,0,1,22.665449804432857,23.716780354706685,4829,2,17
6,3,0,1,23.206573957016435,24.442609853528626,5099,2,17
6,3,0,1,21.435009548058563,25.705648854961833,9354,2,17
6,3,0,1,22.425425652667425,23.774729241877257,5488,2,17
6,3,0,1,18.914705882352944,19.14937965260546,6431,2,17
6,3,0,1,22.476450511945394,23.774729241877257,5488,2,17
6,3,0,1,22.335267857142856,23.029228998849252,5559,2,17
6,3,0,1,18.882866741321386,22.10013106159895,4684,2,17
6,3,0,1,22.919999999999998,24.11064935064935,5157,2,17
6,3,0,1,21.903846153846153,24.291469194312796,5695,2,17
6,3,0,1,20.261630218687873,21.478609062170708,5662,2,17
6,3,0,1,20.925465838509318,21.122257053291534,5615,2,17
6,3,0,1,20.515209125475288,23.612691466083152,5995,2,17
6,3,0,1,24.136599423631125,25.810169491525425,4653,2,17
6,3,0,1,21.85577942735949,22.874583795782463,5725,2,17
6,3,0,1,21.893601003764118,23.2656,4847,2,17
6,3,0,1,20.23617747440273,23.130819245773733,4941,2,17
6,3,0,1,21.89447004608295,22.841826923076926,5279,2,17
6,3,0,1,21.80583430571762,23.715228426395942,5191,2,17
6,3,0,1,23.184387617765815,23.759999999999998,4785,2,17
6,3,0,1,20.538896366083446,24.338755980861247,4239,2,17
6,3,0,1,20.511290322580646,24.338755980861247,4239,2,17
6,3,0,1,21.429979466119097,24.672340425531914,5798,2,17
6,3,0,1,22.46181818181818,24.223529411764705,6177,2,17
6,3,0,1,19.690706319702603,23.23157894736842,4414,2,17
6,3,0,1,22.691557669441142,24.24853875476493,5301,2,17
6,3,0,1,21.010563380281692,23.12790697674419,6630,2,17
6,3,0,1,20.95774647887324,24.44687842278204,6200,2,17
7,3,0,1,21.21709401709402,22.93798767967146,6206,2,17
7,3,0,1,20.607773851590107,22.259541984732827,4860,2,17
7,3,0,1,21.584724186704385,24.338755980861247,4239,2,17
7,3,0,0,25.190673575129534,26.860773480662985,5402,2,17
7,3,0,1,25.21018387553041,25.64546762589928,4951,2,17
7,3,0,1,21.72749301025163,23.50161290322581,6476,2,17
7,3,0,1,22.21041388518024,23.52984441301273,4621,2,17
7,3,0,1,22.01888035126235,23.823277909738717,5572,2,17
7,3,0,1,21.682853855005753,22.647115384615386,5234,2,17
7,3,0,1,20.85744125326371,20.839304347826086,6657,2,17
7,3,0,1,21.5559902200489,24.321103448275863,4898,2,17
7,3,0,1,21.3478021978022,24.20747663551402,4317,2,17
7,3,0,1,25.98165137614679,27.36231884057971,4720,2,17
7,3,0,1,23.96909871244635,25.696932515337423,4654,2,17
7,3,0,1,21.19404855129209,23.887731685789937,7518,2,17
7,3,0,1,23.053442240373396,23.774729241877257,5488,2,17
7,3,0,1,24.562877697841728,25.06784140969163,4742,2,17
7,3,0,1,23.053442240373396,23.774729241877257,5488,2,17
7,3,0,1,22.32138063279003,22.5811833171678,6467,2,17
7,3,0,1,23.99529411764706,24.442609853528626,5099,2,17
7,3,0,1,23.603897685749086,26.952433936022253,5383,2,17
7,3,0,1,21.279848628192997,21.239660056657225,6248,2,17
7,3,0,1,19.391878172588832,19.641131105398458,6367,2,17
7,3,0,1,22.458164481525625,22.647115384615386,5234,2,17
7,3,0,1,23.33396449704142,24.222604422604423,5477,2,17
7,3,0,1,23.72108108108108,23.7531799729364,4876,2,17
7,3,0,1,24.61609195402299,24.934540750323414,5354,2,17
7,3,0,1,21.45992217898833,21.7419185282523,4596,2,17
7,3,0,1,23.08443649373882,22.718661971830986,7169,2,17
7,3,0,1,22.664383561643834,25.585051546391753,5515,2,17
7,3,0,1,25.143021582733812,25.735493372606776,4854,2,17
7,3,0,1,22.339318885448918,22.29330587023687,6013,2,17
7,3,0,1,21.119337016574587,22.310894941634242,6371,2,17
7,3,0,1,27.308976377952757,27.35205047318612,4817,2,17
7,3,0,0,23.226206896551723,23.82877358490566,5613,2,17
7,3,0,1,21.72568578553616,23.139442231075698,4840,2,17
7,3,0,1,20.186102719033233,20.686068111455107,7424,2,17
7,3,0,1,19.231270358306187,19.294117647058822,6560,2,17
7,3,0,1,22.61756756756757,22.440670391061452,5579,2,17
7,3,0,1,25.09032258064516,27.972827172827174,7778,2,17
7,3,0,1,24.574866717440973,26.755223880597015,8963,2,17
7,3,0,1,21.89622857142857,24.946875000000002,5322,2,17
7,3,0,1,22.60271739130435,23.52984441301273,4621,2,17
7,3,0,1,21.17345971563981,22.95786228160329,6205,2,17
7,3,0,1,25.143021582733812,25.735493372606776,4854,2,17
2,4,0,1,18.870967741935484,19.66386554621849,3250,1,10
2,4,0,1,22.076355748373103,22.81883408071749,2827,1,10
2,4,0,1,19.929978118161927,22.60049627791563,2530,1,10
2,4,0,1,20.338078291814945,21.36448598130841,3175,1,10
2,4,0,1,19.906930693069306,23.723893805309736,2234,1,10
2,4,0,1,22.31842105263158,22.81883408071749,2827,1,11
2,4,0,1,18.974999999999998,22.60049627791563,2530,1,11
2,4,0,1,16.886799276672697,19.70126582278481,2594,1,11
2,4,0,1,22.0125,23.877966101694916,3522,1,11
2,4,0,1,16.739170506912444,19.32127659574468,3027,1,11
2,4,0,1,18.479522862823064,21.717757009345792,2582,1,11
2,4,0,1,22.6125,24.506951871657755,3819,1,11
2,4,0,1,22.850590219224284,25.810285714285715,3764,1,11
2,4,0,1,18.479522862823064,21.717757009345792,2582,1,11
2,4,0,1,21.260061919504647,23.12121212121212,3815,1,11
2,4,0,1,22.172549019607843,22.81883408071749,2827,1,11
2,4,0,1,20.88935064935065,23.723893805309736,2234,1,11
2,4,0,1,24.48181818181818,25.1812987012987,2693,1,11
2,4,0,1,22.220960698689954,22.81883408071749,2827,1,11
2,4,0,1,19.831441048034936,22.371428571428574,2523,1,11
2,4,0,1,28.178313253012046,27.09034749034749,3898,1,11
2,4,0,1,20.248101265822786,23.126746987951808,2666,1,11
2,4,0,1,20.88935064935065,23.723893805309736,2234,1,11
2,4,0,1,22.20608519269777,23.09620253164557,3041,1,11
2,4,0,1,20.88935064935065,23.723893805309736,2234,1,11
2,4,0,1,23.077551020408162,22.81883408071749,2827,1,11
2,4,0,1,22.542331288343558,23.85974025974026,3062,1,11
2,4,0,1,19.735031847133758,21.717757009345792,2582,1,11
2,4,0,1,17.80588235294118,19.32127659574468,3027,1,11
2,4,0,1,25.376223776223778,25.069430051813473,4032,1,11
2,4,0,1,20.3374749498998,21.592340425531916,2819,1,11
2,4,0,1,19.972013651877134,21.435164835164837,3251,1,11
2,4,0,1,20.319463087248323,22.371428571428574,2523,1,11
2,4,0,1,21.61935483870968,23.723893805309736,2234,1,11
2,4,0,1,21.1275415896488,21.36448598130841,3175,1,11
2,4,0,1,25.339877300613495,26.197040169133192,3442,1,11
2,4,0,1,21.4811320754717,22.60049627791563,2530,1,11
2,4,0,1,24.50120481927711,25.07178082191781,5084,1,11
2,4,0,1,23.593846153846155,23.750442477876106,2982,1,11
2,4,0,1,22.246740858505564,22.977339901477833,3887,1,11
2,4,0,1,29.338078291814945,28.184615384615384,4580,1,11
2,4,0,1,21.088560885608857,21.36448598130841,3175,1,11
2,4,0,1,19.693220338983053,21.717757009345792,2582,1,11
2,4,0,1,23.02533936651584,22.81883408071749,2827,1,11
2,4,0,1,21.677628032345016,23.723893805309736,2234,1,11
2,4,0,1,23.077551020408162,22.81883408071749,2827,1,11
2,4,0,1,20.365022421524664,22.371428571428574,2523,1,11
2,4,0,1,21.736216216216217,23.723893805309736,2234,1,11
2,4,0,1,23.077551020408162,22.81883408071749,2827,1,11
2,4,0,1,23.077551020408162,22.81883408071749,2827,1,11
2,4,0,1,17.43939962476548,21.717757009345792,2582,1,11
2,4,0,1,18.488275862068967,23.723893805309736,2234,1,11
2,4,0,1,21.516279069767442,22.81883408071749,2827,1,11
2,4,0,1,16.362162162162164,19.32127659574468,3027,1,11
2,4,0,1,20.22605504587156,23.85974025974026,3062,1,11
2,4,0,1,16.642990654205608,19.713653136531367,2968,1,11
2,4,0,1,22.2863309352518,26.197040169133192,3442,1,11
2,4,0,1,19.420042643923242,22.60049627791563,2530,1,11
2,4,0,1,21.165283018867925,21.006741573033707,3116,1,11
2,4,0,1,25.92192513368984,25.1812987012987,2693,1,11
2,4,0,1,21.29121338912134,22.81883408071749,2827,1,11
2,4,0,1,25.051162790697674,25.1812987012987,2693,1,11
2,4,0,1,19.06784140969163,21.25237315875614,3607,1,11
2,4,0,1,18.843983402489627,22.371428571428574,2523,1,11
2,4,0,1,21.29121338912134,22.81883408071749,2827,1,11
2,4,0,1,19.505119453924912,21.36448598130841,3175,1,11
2,4,0,1,23.457709923664122,25.866666666666667,4268,1,11
2,4,0,1,23.795409836065577,25.069430051813473,4032,1,11
2,4,0,1,21.29121338912134,22.81883408071749,2827,1,11
2,4,0,1,20.330357142857146,22.60049627791563,2530,1,11
2,4,0,1,24.85846153846154,25.1812987012987,2693,1,11
2,4,0,1,26.986153846153847,27.09034749034749,3898,1,11
2,4,0,1,26.986153846153847,27.09034749034749,3898,1,11
2,4,0,1,21.2025,22.81883408071749,2827,1,11
2,4,0,1,21.2025,22.81883408071749,2827,1,11
2,4,0,1,19.121684210526315,22.371428571428574,2523,1,11
2,4,0,1,21.335849056603774,22.81883408071749,2827,1,11
2,4,0,1,20.3758389261745,22.60049627791563,2530,1,11
2,4,0,1,18.627655310621243,21.717757009345792,2582,1,11
2,4,0,1,18.09455909943715,20.304,2679,1,11
2,4,0,1,19.57191780821918,21.36448598130841,3175,1,11
2,4,0,1,20.03142857142857,21.866666666666667,3116,1,11
2,4,0,1,20.28507795100223,22.60049627791563,2530,1,11
2,4,0,1,21.335849056603774,22.81883408071749,2827,1,11
2,4,0,1,20.46412213740458,23.723893805309736,2234,1,11
2,4,0,1,29.872340425531913,32.222950819672135,5460,2,16
2,4,0,1,29.827010622154784,32.222950819672135,5460,2,16
2,4,0,1,29.205378151260504,32.54157303370786,4827,2,16
2,4,0,1,28.0811320754717,30.016134453781515,4961,2,16
2,4,0,1,28.0811320754717,30.016134453781515,4961,2,16
2,4,0,1,30.634504792332265,34.93114754098361,5327,2,17
2,4,0,1,26.720318725099602,28.702425106990013,5589,2,17
2,4,0,1,28.759420289855072,30.016134453781515,4961,2,17
2,4,0,1,29.877811550151975,32.228852459016395,5461,2,17
2,4,0,1,26.60466613032985,29.712129380053913,9186,2,17
2,4,0,1,29.83247344461305,32.228852459016395,5461,2,17
2,4,0,1,30.683519999999998,34.93114754098361,5327,2,17
2,4,0,1,26.032207792207792,27.84,5568,2,17
2,4,0,1,20.557611940298507,27.36476821192053,5739,2,17
2,4,0,1,28.621153846153845,30.016134453781515,4961,2,17
2,4,0,1,29.710482529118135,30.01008403361345,4960,2,17
2,4,0,1,30.670202808112325,32.228852459016395,5461,2,17
2,4,0,1,26.08205128205128,27.741818181818182,5086,2,17
2,4,0,1,29.434119278779473,30.667630057803468,5895,2,17
2,4,0,1,30.58732394366197,32.534831460674155,4826,2,17
2,4,0,1,25.34,25.879148936170214,5068,2,17
2,4,0,1,29.568874172185428,30.016134453781515,4961,2,17
2,4,0,1,29.13065976714101,32.21459227467811,6255,2,17
2,4,0,1,30.539894551845343,32.54157303370786,4827,2,17
2,4,0,1,30.539894551845343,32.54157303370786,4827,2,17
2,4,0,1,30.80877742946708,32.222950819672135,5460,2,17
2,4,0,1,29.568874172185428,30.016134453781515,4961,2,17
2,4,0,1,27.946333853354133,30.46530612244898,4976,2,17
2,4,0,0,26.227906976744187,29.722401171303073,5639,2,17
2,4,0,0,29.303878583473864,32.54157303370786,4827,2,17
2,4,0,0,28.11968503937008,30.01008403361345,4960,2,17
2,4,0,1,23.7874659400545,29.52649379932356,7275,2,17
2,4,0,0,30.0112676056338,34.994890510948906,5327,2,17
2,4,0,1,24.062279888785913,30.945411203814064,7212,2,17
2,4,0,1,25.317735849056607,26.872630173564755,5591,2,17
2,4,0,1,26.880748246297742,32.50518378887841,9580,2,17
2,4,0,0,25.396946564885496,27.38271604938272,5545,2,17
2,4,0,1,27.754285714285714,30.67578947368421,6476,2,17
2,4,0,1,23.3656050955414,24.686406460296094,5095,2,17
2,4,0,1,24.95967302452316,26.706122448979592,5089,2,17
2,4,0,1,25.225568181818183,27.618662519440125,4933,2,17
2,4,0,1,25.49664804469274,27.369715142428788,5071,2,17
2,4,0,0,29.496774193548386,32.534831460674155,4826,2,17
2,4,0,1,26.216470588235293,29.407038123167155,5571,2,17
2,4,0,0,27.862090483619344,30.016134453781515,4961,2,17
2,4,0,0,27.862090483619344,30.016134453781515,4961,2,17
2,4,0,0,29.303878583473864,32.54157303370786,4827,2,17
2,4,0,0,27.905625,30.016134453781515,4961,2,17
2,4,0,0,28.694890510948905,32.222950819672135,5460,2,17
2,4,0,1,26.216470588235293,29.407038123167155,5571,2,17
2,4,0,0,27.987460815047022,30.01008403361345,4960,2,17
2,4,0,0,28.11968503937008,30.01008403361345,4960,2,17
2,4,0,0,27.726708074534162,30.01008403361345,4960,2,17
2,4,0,1,23.842392717815343,25.394459833795015,5093,2,17
2,4,0,1,24.82430647291942,26.063800277392513,5220,2,17
2,4,0,1,25.329951219512196,30.945411203814064,7212,2,17
2,4,0,1,26.487630402384504,29.328712871287127,4937,2,17
2,4,0,1,19.357188498402557,26.26647398843931,5049,2,17
2,4,0,1,22.525630593978846,27.0880626223092,7690,2,17
2,4,0,1,17.469473684210527,25.28476454293629,5071,2,17
2,4,0,1,19.735180055401663,27.613953488372093,3958,2,17
2,4,0,1,19.35049504950495,25.60349344978166,4886,2,17
2,4,0,1,19.249065420560747,25.041337386018238,4577,2,17
2,4,0,1,23.631623212783854,28.324596774193548,7805,2,17
2,4,0,1,19.264359861591696,24.136127167630057,9279,2,17
2,4,0,1,19.962264150943398,22.599683544303797,7935,2,17
2,4,0,1,18.198355263157897,22.330171543895055,6147,2,17
2,4,0,1,23.41728,27.56271186440678,8131,2,17
2,4,0,1,19.409675583380764,24.117963224893916,9473,2,17
2,4,0,1,20.049107142857146,26.11046511627907,4990,2,17
2,4,0,1,25.5852140077821,29.5523595505618,7306,2,17
2,4,0,1,19.250928381962865,25.92,4032,2,17
2,4,0,1,19.292857142857144,24.86854219948849,5402,2,17
2,4,0,1,22.73526970954357,27.983656792645558,7610,2,17
2,4,0,1,20.94,27.875752773375595,4886,2,17
2,4,0,1,18.541525423728814,24.8625,4862,2,17
2,4,0,1,25.463414634146343,31.6763590391909,6960,2,17
2,4,0,1,24.510160427807488,29.762337662337664,7639,2,17
2,4,0,1,23.260637605725442,26.039038601602332,9931,2,17
2,4,0,1,18.186907449209933,24.67626339969372,4476,2,17
2,4,0,1,16.06995412844037,19.722730471498945,7785,2,17
2,4,0,1,19.747661188369154,26.610562180579215,4339,2,17
2,4,0,1,23.593846153846155,27.687863590772317,7668,2,17
2,4,0,1,23.019932432432434,27.89723643807574,7571,2,17
2,4,0,1,19.55277108433735,27.32121212121212,4508,2,17
2,4,0,1,25.71870967741936,33.68788732394366,6644,2,17
2,4,0,1,20.708955223880597,28.657487091222034,4625,2,17
2,4,0,1,19.899870967741936,28.091803278688523,4284,2,17
2,4,0,1,19.82686567164179,28.046833013435702,4059,2,17
2,4,0,1,19.38007033997655,25.629767441860466,4592,2,17
2,4,0,1,23.49864768683274,25.89458823529412,9171,2,17
2,4,0,1,22.32932216298553,26.823787740164683,8144,2,17
2,4,0,1,18.428252788104093,24.034909090909093,5508,2,17
2,4,0,1,19.008376963350784,24.204,6051,2,17
2,4,0,1,19.295381310418904,26.11046511627907,4990,2,17
2,4,0,1,18.650381679389312,26.083985765124556,4072,2,17
2,4,0,1,21.716853932584268,29.284848484848485,4832,2,17
2,4,0,1,17.35100742311771,22.82008368200837,4545,2,17
2,4,0,1,17.11318242343542,24.433460076045627,3570,2,17
2,4,0,1,23.070307167235498,29.909734513274337,5633,2,17
2,4,0,1,21.793340494092373,27.418378378378378,5636,2,17
2,4,0,1,16.74507042253521,26.943909348441927,2642,2,17
2,4,0,1,24.55309218203034,31.88181818181818,5845,2,17
2,4,0,1,22.792079207920793,21.99363057324841,5755,2,17
2,4,0,1,24.015085714285714,22.890196078431373,5837,2,17
2,4,0,1,24.58546255506608,23.647881355932206,6201,2,17
2,4,0,1,25.936102236421725,24.136769078295345,6765,2,17
2,4,0,1,22.370833333333334,21.766216216216215,5369,2,17
2,4,0,1,23.397942857142855,22.061637931034483,5687,2,17
2,4,0,1,24.511424903722723,23.257490864799024,5304,2,17
2,4,0,1,24.657425742574258,24.023151125401927,6226,2,17
2,4,0,1,27.205000000000002,24.79443037974684,5441,2,17
2,4,0,1,22.682595262615862,22.612731006160168,6118,2,17
2,4,0,1,27.576854599406527,26.401704545454546,5163,2,17
2,4,0,1,24.85359317904994,24.204982206405695,5668,2,17
2,4,0,1,26.17997179125529,24.231853785900785,5156,2,17
2,4,0,1,21.654054054054054,21.546215139442232,6009,2,17
2,4,0,1,22.712573443008225,21.766216216216215,5369,2,17
2,4,0,1,22.914285714285715,22.316521739130433,6416,2,17
2,4,0,1,24.355220667384284,24.700873362445417,6285,2,17
2,4,0,1,22.659320046893317,21.766216216216215,5369,2,17
2,4,0,1,28.048920863309355,26.96265560165975,5415,2,17
2,4,0,1,22.823053589484328,22.304347826086957,6270,2,17
2,4,0,1,27.09135802469136,25.031178707224335,5486,2,17
2,4,0,1,22.57906542056075,22.225942962281508,6711,2,17
2,4,0,1,29.049350649350647,27.38938775510204,5592,2,17
2,4,0,1,23.240554962646748,22.68375,6049,2,17
2,4,0,1,24.9796875,23.169565217391305,5329,2,17
2,4,0,1,25.322171945701356,24.544736842105266,6218,2,17
2,4,0,1,26.22548076923077,24.461434977578474,6061,2,17
2,4,0,1,28.29375,25.745971563981044,6036,2,17
2,4,0,1,25.659759036144578,25.20426035502959,5916,2,17
2,4,0,1,25.192592592592593,23.727906976744187,6802,2,17
2,4,0,1,25.29751693002257,24.023151125401927,6226,2,17
2,4,0,1,27.419918144611188,26.376377952755906,5583,2,17
2,4,0,1,22.65905172413793,21.41303462321792,5841,2,17
2,4,0,1,27.862873399715504,24.79443037974684,5441,2,17
2,4,0,1,27.29922077922078,25.51019417475728,5839,2,17
2,4,0,1,22.63064516129032,21.711411992263056,6236,2,17
2,4,0,1,26.899024390243902,25.888732394366198,6127,2,17
2,4,0,1,23.956064073226546,23.264000000000003,5816,2,17
2,4,0,1,22.872558139534885,21.497704918032788,5464,2,17
2,4,0,1,28.794682422451995,26.96265560165975,5415,2,17
2,4,0,1,25.402915451895044,24.361230195712956,7261,2,17
2,4,0,1,25.20425531914894,23.32910284463895,5923,2,17
2,4,0,1,24.436916835699797,23.530078125,6693,2,17
2,4,0,1,28.66764705882353,26.96265560165975,5415,2,17
2,4,0,1,29.752597402597402,27.07178729689808,5091,2,17
2,4,0,1,29.232,26.17190082644628,5278,2,17
2,4,0,1,27.982401902497028,27.718727915194346,6537,2,17
2,4,0,1,28.615384615384617,26.18181818181818,4960,2,17
2,4,0,1,23.56,22.8,6479,2,17
2,4,0,1,26.856747404844292,24.53614330874605,6468,2,17
2,4,0,1,26.55716034271726,24.269798657718123,6027,2,17
2,4,0,1,23.918584070796463,23.1008547008547,6757,2,17
2,4,0,1,23.973302107728337,22.35065502183406,5687,2,17
2,4,0,1,23.820172910662823,23.91205400192864,6888,2,17
2,4,0,1,29.1390134529148,26.96265560165975,5415,2,17
2,4,0,1,23.14004376367615,23.014145810663766,5875,2,17
2,4,0,1,29.182634730538922,26.96265560165975,5415,2,17
1,5,0,1,27.77291066282421,25.56286472148541,2677,2,13
1,5,0,1,28.016703296703298,25.909756097560976,3541,2,13
1,5,0,1,30.295161290322582,27.7239852398524,2087,2,13
1,5,0,1,30.295161290322582,27.7239852398524,2087,2,13
1,5,0,1,30.295161290322582,27.7239852398524,2087,2,13
7,5,0,1,33.0,27.900000000000002,1705,2,16
7,5,0,1,20.587283236994217,18.911150442477876,2968,2,16
7,5,0,1,29.67,25.706859205776176,1978,2,16
7,5,0,1,16.651982378854626,15.059760956175298,1050,2,16
7,5,0,1,33.0,27.900000000000002,1705,2,16
7,5,0,1,22.032,18.671186440677968,1224,2,16
7,5,0,1,22.11630648330059,19.21023890784983,3127,2,16
7,5,0,1,28.1375,24.262275449101796,2251,2,16
7,5,0,1,37.50837988826816,32.124401913875595,1865,2,16
7,5,0,1,21.673022312373224,18.87773851590106,2968,2,16
7,5,0,1,28.052595155709344,24.273053892215568,2252,2,16
7,5,0,1,33.178378378378376,27.900000000000002,1705,2,16
7,5,0,1,33.178378378378376,27.900000000000002,1705,2,16
7,5,0,1,21.717073170731705,18.911150442477876,2968,2,16
7,5,0,1,33.0,27.900000000000002,1705,2,16
7,5,0,1,33.178378378378376,27.900000000000002,1705,2,16
7,5,0,1,33.178378378378376,27.900000000000002,1705,2,16
7,5,0,1,22.520127795527156,18.897587131367295,1958,2,16
7,5,0,1,18.086124401913874,15.059760956175298,1050,2,16
7,5,0,0,20.15744680851064,18.485853658536584,3158,2,16
7,5,0,1,20.8600790513834,18.55043936731107,2932,2,16
7,5,0,1,34.48314606741573,27.900000000000002,1705,2,16
7,5,0,1,34.48314606741573,27.900000000000002,1705,2,16
7,5,0,1,34.48314606741573,27.900000000000002,1705,2,16
7,5,0,1,34.48314606741573,27.900000000000002,1705,2,16
7,5,0,1,34.48314606741573,27.900000000000002,1705,2,16
7,5,0,1,34.48314606741573,27.900000000000002,1705,2,16
7,5,0,1,34.48314606741573,27.900000000000002,1705,2,16
7,5,0,1,21.6,18.671186440677968,1224,2,16
7,5,0,1,34.48314606741573,27.900000000000002,1705,2,16
7,5,0,1,23.267647058823528,20.07019027484144,2637,2,16
7,5,0,1,34.48314606741573,27.900000000000002,1705,2,16
7,5,0,1,34.48314606741573,27.900000000000002,1705,2,16
7,5,0,1,29.69467455621302,23.34139534883721,1394,2,16
7,5,0,1,29.348698884758363,23.708108108108107,2193,2,16
7,5,0,1,29.348698884758363,23.708108108108107,2193,2,16
7,5,0,1,34.67796610169491,27.900000000000002,1705,2,16
7,5,0,1,34.67796610169491,27.900000000000002,1705,2,16
7,5,0,1,34.67796610169491,27.900000000000002,1705,2,16
7,5,0,1,34.48314606741573,27.900000000000002,1705,2,16
7,5,0,1,21.39029126213592,18.671186440677968,1224,2,16
7,5,0,1,34.67796610169491,27.900000000000002,1705,2,16
